epoch,loss
0,0.6446202397346497
1,0.6372441053390503
2,0.6309911012649536
3,0.6270211935043335
4,0.6219969987869263
5,0.6173333525657654
6,0.612236738204956
7,0.6077624559402466
8,0.6033264994621277
9,0.5989705324172974
